{"Steps": 480, "AvgEpRet": -1037.7101358959292, "_timestamp": 1706514281.7452226, "_runtime": 23.571488618850708, "_step": 23, "_wandb": {"runtime": 22}}