{"Steps": 480, "AvgEpRet": 228.6, "_timestamp": 1705548027.393736, "_runtime": 1081.0102138519287, "_step": 23, "_wandb": {"runtime": 1118}}