{"Steps": 480, "AvgEpRet": 140.95, "_timestamp": 1705505136.6131763, "_runtime": 1947.101348400116, "_step": 23, "_wandb": {"runtime": 2005}}