{"Steps": 9980, "AvgEpRet": -175.0780128295946, "_timestamp": 1706521311.663782, "_runtime": 1393.2095217704773, "_step": 498, "_wandb": {"runtime": 1395}}