{"Steps": 480, "AvgEpRet": 415.75, "_timestamp": 1705479631.534404, "_runtime": 1910.42320895195, "_step": 23, "_wandb": {"runtime": 2103}}