{"Steps": 480, "AvgEpRet": 43.5, "_timestamp": 1705539622.1828673, "_runtime": 224.84064626693726, "_step": 23, "_wandb": {"runtime": 244}}