{"Steps": 480, "AvgEpRet": -719.8729639360287, "_timestamp": 1705506665.074841, "_runtime": 3200.7310440540314, "_step": 23, "_wandb": {"runtime": 3325}}