{"Steps": 480, "AvgEpRet": -1770.406729802295, "_timestamp": 1705544543.427109, "_runtime": 3200.803607940674, "_step": 23, "_wandb": {"runtime": 3326}}