{"Steps": 480, "AvgEpRet": -247.9071410826786, "_timestamp": 1706514345.074455, "_runtime": 24.411531925201416, "_step": 23, "_wandb": {"runtime": 23}}