{"Steps": 480, "AvgEpRet": -1632.0521401691656, "_timestamp": 1705555611.1242123, "_runtime": 3208.6188402175903, "_step": 23, "_wandb": {"runtime": 3333}}