{"Steps": 480, "AvgEpRet": 155.2, "_timestamp": 1705508646.8124735, "_runtime": 1536.3218684196472, "_step": 23, "_wandb": {"runtime": 1630}}