{"Steps": 300, "AvgEpRet": -1536.9315910133255, "_timestamp": 1705556688.4374375, "_runtime": 2003.688182592392, "_step": 14}