{"Steps": 240, "AvgEpRet": -1496.0900072092775, "_timestamp": 1705556289.758472, "_runtime": 1605.0092170238495, "_step": 11}