{"Steps": 480, "AvgEpRet": -1482.484218736889, "_timestamp": 1705551213.1043427, "_runtime": 3201.2406787872314, "_step": 23, "_wandb": {"runtime": 3324}}