{"Steps": 480, "AvgEpRet": 152.5, "_timestamp": 1705480557.9232697, "_runtime": 676.271214723587, "_step": 23, "_wandb": {"runtime": 740}}