{"Steps": 480, "AvgEpRet": -1484.5892654960696, "_timestamp": 1705513334.2788408, "_runtime": 3199.9242317676544, "_step": 23, "_wandb": {"runtime": 3324}}