{"Steps": 9980, "AvgEpRet": -159.25545561994232, "_timestamp": 1706519337.2201614, "_runtime": 557.649843454361, "_step": 498, "_wandb": {"runtime": 553}}