{"Steps": 9980, "AvgEpRet": -146.06820504660996, "_timestamp": 1706515869.1990557, "_runtime": 438.99009561538696, "_step": 498, "_wandb": {"runtime": 438}}