{"Steps": 480, "AvgEpRet": 106.2, "_timestamp": 1705479238.9341362, "_runtime": 544.7321090698242, "_step": 23, "_wandb": {"runtime": 585}}