{"Steps": 480, "AvgEpRet": -1381.3109237418228, "_timestamp": 1705493325.5217242, "_runtime": 3200.5442311763763, "_step": 23, "_wandb": {"runtime": 3325}}