{"Steps": 480, "AvgEpRet": -1557.4855850004062, "_timestamp": 1705547878.0864275, "_runtime": 3201.2835195064545, "_step": 23, "_wandb": {"runtime": 3326}}