{"Steps": 480, "AvgEpRet": 162.85, "_timestamp": 1705540983.533645, "_runtime": 1333.3400988578796, "_step": 23, "_wandb": {"runtime": 1445}}