{"Steps": 9980, "AvgEpRet": -142.06913783950057, "_timestamp": 1706515419.359718, "_runtime": 436.2671911716461, "_step": 498, "_wandb": {"runtime": 436}}