{"Steps": 480, "AvgEpRet": -977.3830631969219, "_timestamp": 1706514468.0941694, "_runtime": 24.491061449050903, "_step": 23, "_wandb": {"runtime": 23}}