{"Steps": 9980, "AvgEpRet": -170.63579296422319, "_timestamp": 1706516320.4596176, "_runtime": 441.7654526233673, "_step": 498, "_wandb": {"runtime": 440}}