{"Steps": 9980, "AvgEpRet": -172.3777058636146, "_timestamp": 1706518771.2217112, "_runtime": 551.4564380645752, "_step": 498, "_wandb": {"runtime": 550}}