{"Steps": 480, "AvgEpRet": 2519.0, "_timestamp": 1705488728.9068577, "_runtime": 7151.31383061409, "_step": 23, "_wandb": {"runtime": 8160}}