{"Steps": 9980, "AvgEpRet": -170.22721487497046, "_timestamp": 1706529406.4535797, "_runtime": 1121.2542667388916, "_step": 498, "_wandb": {"runtime": 1121}}