{"Steps": 480, "AvgEpRet": 114.65, "_timestamp": 1705493221.0691066, "_runtime": 3475.096095561981, "_step": 23, "_wandb": {"runtime": 3511}}