{"Steps": 480, "AvgEpRet": 1079.9, "_timestamp": 1705495348.580204, "_runtime": 2082.0763750076294, "_step": 23, "_wandb": {"runtime": 2330}}