{"Steps": 480, "AvgEpRet": 84.9, "_timestamp": 1705483208.2115228, "_runtime": 510.40076088905334, "_step": 23, "_wandb": {"runtime": 551}}