{"Steps": 480, "AvgEpRet": -1154.7550192177218, "_timestamp": 1705499996.0445025, "_runtime": 3201.022754430771, "_step": 23, "_wandb": {"runtime": 3325}}