{"Steps": 480, "AvgEpRet": -474.1277911205223, "_timestamp": 1706513968.740861, "_runtime": 39.33324193954468, "_step": 23, "_wandb": {"runtime": 39}}