{"Steps": 80, "AvgEpRet": -1438.522665820146, "_timestamp": 1705556289.3152752, "_runtime": 543.2478902339935, "_step": 3}