{"Steps": 140, "AvgEpRet": -1428.086171857421, "_timestamp": 1705556689.019955, "_runtime": 942.9525699615479, "_step": 6}