{"Steps": 480, "AvgEpRet": 202.45, "_timestamp": 1705506973.4510481, "_runtime": 1770.14204621315, "_step": 23, "_wandb": {"runtime": 1898}}