{"Steps": 480, "AvgEpRet": 202.5, "_timestamp": 1705477422.964743, "_runtime": 708.1770868301392, "_step": 23, "_wandb": {"runtime": 777}}