{"Steps": 480, "AvgEpRet": -535.986036356826, "_timestamp": 1706513629.6189547, "_runtime": 39.66536068916321, "_step": 23, "_wandb": {"runtime": 39}}