{"Steps": 480, "AvgEpRet": 160.75, "_timestamp": 1705481241.4706664, "_runtime": 610.9135463237762, "_step": 23, "_wandb": {"runtime": 669}}