{"Steps": 480, "AvgEpRet": 114.8, "_timestamp": 1705543137.8277426, "_runtime": 766.5453865528107, "_step": 23, "_wandb": {"runtime": 849}}