{"Steps": 480, "AvgEpRet": -1495.0394546789917, "_timestamp": 1705554549.5073507, "_runtime": 3199.815561771393, "_step": 23, "_wandb": {"runtime": 3324}}