{"Steps": 9980, "AvgEpRet": -112.02846397570606, "_timestamp": 1706522719.574542, "_runtime": 1396.7385771274567, "_step": 498, "_wandb": {"runtime": 1397}}