{"Steps": 480, "AvgEpRet": -1506.175859335299, "_timestamp": 1705496660.8352654, "_runtime": 3200.9261014461517, "_step": 23, "_wandb": {"runtime": 3325}}