{"Steps": 9980, "AvgEpRet": -173.64493135527624, "_timestamp": 1706516769.1062715, "_runtime": 441.02867555618286, "_step": 498, "_wandb": {"runtime": 440}}