{"Steps": 480, "AvgEpRet": -853.533030990328, "_timestamp": 1706514221.2408297, "_runtime": 23.528361797332764, "_step": 23, "_wandb": {"runtime": 22}}