{"Steps": 480, "AvgEpRet": -714.7625325393334, "_timestamp": 1706513579.840087, "_runtime": 38.17537188529968, "_step": 23, "_wandb": {"runtime": 38}}