{"Steps": 480, "AvgEpRet": -444.81539323311944, "_timestamp": 1706514312.318122, "_runtime": 23.9375319480896, "_step": 23, "_wandb": {"runtime": 23}}