{"Steps": 480, "AvgEpRet": 89.4, "_timestamp": 1705477960.9042065, "_runtime": 457.9404535293579, "_step": 23, "_wandb": {"runtime": 499}}