{"Steps": 480, "AvgEpRet": 399.8, "_timestamp": 1705542267.8379335, "_runtime": 1162.5916104316711, "_step": 23, "_wandb": {"runtime": 1257}}