{"Steps": 480, "AvgEpRet": 2518.35, "_timestamp": 1705499332.4016874, "_runtime": 3726.5736813545227, "_step": 23, "_wandb": {"runtime": 4736}}