{"Steps": 9980, "AvgEpRet": -140.1334239590413, "_timestamp": 1706526920.9609609, "_runtime": 1395.5974459648132, "_step": 498, "_wandb": {"runtime": 1396}}