{"Steps": 480, "AvgEpRet": 171.75, "_timestamp": 1705481935.0692544, "_runtime": 626.5260202884674, "_step": 23, "_wandb": {"runtime": 684}}