{"Steps": 480, "AvgEpRet": 141.65, "_timestamp": 1705482629.1526875, "_runtime": 628.8102526664734, "_step": 23, "_wandb": {"runtime": 689}}