{"Steps": 480, "AvgEpRet": -771.0186742907879, "_timestamp": 1706513921.3222146, "_runtime": 39.08484363555908, "_step": 23, "_wandb": {"runtime": 38}}