{"Steps": 480, "AvgEpRet": -776.8873404999382, "_timestamp": 1706513676.7006788, "_runtime": 39.48231887817383, "_step": 23, "_wandb": {"runtime": 39}}