{"Steps": 480, "AvgEpRet": 153.45, "_timestamp": 1705545206.6549225, "_runtime": 956.489105463028, "_step": 23, "_wandb": {"runtime": 999}}