{"Steps": 480, "AvgEpRet": 1179.7, "_timestamp": 1705503172.7291265, "_runtime": 2820.5569665431976, "_step": 23, "_wandb": {"runtime": 2828}}