{"Steps": 480, "AvgEpRet": -1518.7724638529064, "_timestamp": 1705486656.3914678, "_runtime": 3200.742693901062, "_step": 23, "_wandb": {"runtime": 3325}}