{"Steps": 480, "AvgEpRet": 290.3, "_timestamp": 1705544140.2218583, "_runtime": 910.7248702049255, "_step": 23, "_wandb": {"runtime": 1011}}