{"Steps": 480, "AvgEpRet": -698.1543737006301, "_timestamp": 1706513773.1964538, "_runtime": 39.47908091545105, "_step": 23, "_wandb": {"runtime": 39}}