{"Steps": 9980, "AvgEpRet": -130.943593722325, "_timestamp": 1706524117.4807148, "_runtime": 1388.3987827301025, "_step": 498, "_wandb": {"runtime": 1389}}