{"Steps": 480, "AvgEpRet": -787.7568692078808, "_timestamp": 1706514017.4514577, "_runtime": 40.701575756073, "_step": 23, "_wandb": {"runtime": 40}}