{"Steps": 480, "AvgEpRet": 362.45, "_timestamp": 1705481399.8879015, "_runtime": 1568.4356744289398, "_step": 23, "_wandb": {"runtime": 1738}}