{"Steps": 480, "AvgEpRet": -684.8389954723505, "_timestamp": 1706513821.1890175, "_runtime": 40.12833857536316, "_step": 23, "_wandb": {"runtime": 39}}