{"Steps": 480, "AvgEpRet": 190.55, "_timestamp": 1705548668.8071628, "_runtime": 596.4264466762543, "_step": 23, "_wandb": {"runtime": 655}}