{"Steps": 480, "AvgEpRet": -1616.3204139790203, "_timestamp": 1705552266.657733, "_runtime": 3207.623605966568, "_step": 23, "_wandb": {"runtime": 3332}}