{"Steps": 160, "AvgEpRet": -1470.4600362699525, "_timestamp": 1705544891.3084102, "_runtime": 1074.2465121746063, "_step": 7}