{"Steps": 480, "AvgEpRet": -1448.9079128141798, "_timestamp": 1705483319.196331, "_runtime": 3200.575348138809, "_step": 23, "_wandb": {"runtime": 3326}}