{"Steps": 480, "AvgEpRet": 231.65, "_timestamp": 1705546882.847274, "_runtime": 742.5459461212158, "_step": 23, "_wandb": {"runtime": 797}}