{"Steps": 9980, "AvgEpRet": -177.7429210588343, "_timestamp": 1706519896.236935, "_runtime": 551.0337269306183, "_step": 498, "_wandb": {"runtime": 550}}