{"Steps": 480, "AvgEpRet": -617.9704676692115, "_timestamp": 1706513725.8531108, "_runtime": 39.379560708999634, "_step": 23, "_wandb": {"runtime": 39}}