{"Steps": 9980, "AvgEpRet": -249.9424161299054, "_timestamp": 1706517215.4097962, "_runtime": 436.7907123565674, "_step": 498, "_wandb": {"runtime": 435}}