{"Steps": 9980, "AvgEpRet": -116.98959120980007, "_timestamp": 1706525517.0939128, "_runtime": 1389.8415439128876, "_step": 498, "_wandb": {"runtime": 1390}}