{"Steps": 480, "AvgEpRet": -1571.367127084476, "_timestamp": 1705509999.802472, "_runtime": 3200.522525072098, "_step": 23, "_wandb": {"runtime": 3325}}