{"Steps": 480, "AvgEpRet": -200.66123544243126, "_timestamp": 1706514251.448717, "_runtime": 23.565917015075684, "_step": 23, "_wandb": {"runtime": 22}}