{"Steps": 480, "AvgEpRet": -212.3796517808956, "_timestamp": 1706514407.041113, "_runtime": 23.808385848999023, "_step": 23, "_wandb": {"runtime": 22}}