{"Steps": 480, "AvgEpRet": 110.55, "_timestamp": 1705479815.6328566, "_runtime": 527.697580575943, "_step": 23, "_wandb": {"runtime": 578}}