{"Steps": 480, "AvgEpRet": -1408.1977682588854, "_timestamp": 1705548925.510392, "_runtime": 3205.066226005554, "_step": 23, "_wandb": {"runtime": 3330}}