{"Steps": 9980, "AvgEpRet": -149.54081740902615, "_timestamp": 1706528276.941256, "_runtime": 1346.8163759708405, "_step": 498, "_wandb": {"runtime": 1347}}