{"Steps": 480, "AvgEpRet": 130.9, "_timestamp": 1705478625.7661564, "_runtime": 614.4329574108124, "_step": 23, "_wandb": {"runtime": 673}}