{"Steps": 8020, "AvgEpRet": -128.57889407023603, "_timestamp": 1706532557.793248, "_runtime": 889.4858329296112, "_step": 400}