{"Steps": 480, "AvgEpRet": 227.25, "_timestamp": 1705546023.9125948, "_runtime": 764.6207058429718, "_step": 23, "_wandb": {"runtime": 871}}