{"Steps": 480, "AvgEpRet": -892.3173513685913, "_timestamp": 1706513871.8099988, "_runtime": 41.55117678642273, "_step": 23, "_wandb": {"runtime": 39}}