{"Steps": 480, "AvgEpRet": -1481.306133008538, "_timestamp": 1705503331.1686258, "_runtime": 3200.948277950287, "_step": 23, "_wandb": {"runtime": 3325}}