{"Steps": 480, "AvgEpRet": -742.6280385345683, "_timestamp": 1706514376.3722003, "_runtime": 23.317837238311768, "_step": 23, "_wandb": {"runtime": 22}}