{"Steps": 9980, "AvgEpRet": -181.25508374916166, "_timestamp": 1706517656.2753756, "_runtime": 433.2317225933075, "_step": 498, "_wandb": {"runtime": 432}}