{"Steps": 9980, "AvgEpRet": -156.66027101638113, "_timestamp": 1706518212.0031724, "_runtime": 548.0690493583679, "_step": 498, "_wandb": {"runtime": 547}}