{"Steps": 480, "AvgEpRet": -247.81034468494823, "_timestamp": 1706514186.632523, "_runtime": 22.518062114715576, "_step": 23, "_wandb": {"runtime": 22}}