{"Steps": 9980, "AvgEpRet": -179.18241481844274, "_timestamp": 1706531659.0099356, "_runtime": 1117.6636636257172, "_step": 498, "_wandb": {"runtime": 1118}}