{"Steps": 9980, "AvgEpRet": -164.1443437068588, "_timestamp": 1706530530.9889896, "_runtime": 1114.7880895137787, "_step": 498, "_wandb": {"runtime": 1115}}