{"Steps": 480, "AvgEpRet": -640.8055976408839, "_timestamp": 1706514437.1011896, "_runtime": 23.648873567581177, "_step": 23, "_wandb": {"runtime": 22}}