{"Steps": 480, "AvgEpRet": -1311.4909463387917, "_timestamp": 1705489990.9605289, "_runtime": 3200.8965508937836, "_step": 23, "_wandb": {"runtime": 3325}}